Id,Label
QRO,QRO
LPD,LPD
YBK,YBK
OAG,OAG
TMJ,TMJ
EZS,EZS
CYP,CYP
SUR,SUR
CHQ,CHQ
KRL,KRL
CKX,CKX
KKJ,KKJ
UYU,UYU
HNA,HNA
PBH,PBH
PES,PES
LIG,LIG
TTJ,TTJ
TGP,TGP
STI,STI
KET,KET
LAW,LAW
PAC,PAC
FEN,FEN
MTE,MTE
IRJ,IRJ
ZYL,ZYL
BRQ,BRQ
TAG,TAG
WSZ,WSZ
PMC,PMC
BEJ,BEJ
TIM,TIM
GDZ,GDZ
MPN,MPN
REX,REX
GZO,GZO
LPB,LPB
XSB,XSB
KMG,KMG
TBZ,TBZ
LLW,LLW
KQT,KQT
ATT,ATT
ENY,ENY
CLY,CLY
TCB,TCB
LSI,LSI
BFV,BFV
MYQ,MYQ
NVI,NVI
TQA,TQA
KAT,KAT
EUN,EUN
YZF,YZF
YUD,YUD
NOP,NOP
VOZ,VOZ
PPT,PPT
PLW,PLW
BDO,BDO
OTH,OTH
SPR,SPR
WYA,WYA
ORZ,ORZ
DAL,DAL
OLH,OLH
YNC,YNC
IRZ,IRZ
EBL,EBL
SLI,SLI
MVP,MVP
FLR,FLR
CEB,CEB
PNZ,PNZ
BZV,BZV
LFW,LFW
HGA,HGA
LNE,LNE
NPL,NPL
CPV,CPV
GMZ,GMZ
GLF,GLF
SLK,SLK
SVK,SVK
SRG,SRG
KVA,KVA
HUX,HUX
CFN,CFN
EKO,EKO
EGN,EGN
LTO,LTO
RDN,RDN
MGM,MGM
DRO,DRO
YOP,YOP
CIT,CIT
GDX,GDX
YUB,YUB
FKB,FKB
ERN,ERN
WIC,WIC
LLU,LLU
SKE,SKE
ITH,ITH
CFS,CFS
NRN,NRN
SKK,SKK
SHR,SHR
GDE,GDE
HTS,HTS
SBY,SBY
PMO,PMO
MEG,MEG
AFZ,AFZ
MOV,MOV
YGZ,YGZ
OAX,OAX
GAJ,GAJ
JAC,JAC
YFS,YFS
DDG,DDG
TYR,TYR
YXJ,YXJ
RGK,RGK
BHR,BHR
BRA,BRA
LAU,LAU
SCT,SCT
HRB,HRB
CRK,CRK
NAT,NAT
APF,APF
PPG,PPG
PSC,PSC
KCL,KCL
RHO,RHO
CTM,CTM
YDP,YDP
RDC,RDC
NDG,NDG
UIO,UIO
BMY,BMY
PBG,PBG
OCC,OCC
LED,LED
GSM,GSM
HTY,HTY
GDT,GDT
VHM,VHM
DSN,DSN
YFO,YFO
MAS,MAS
RAP,RAP
SXO,SXO
SIP,SIP
PWQ,PWQ
SUX,SUX
MLY,MLY
AQA,AQA
KAJ,KAJ
BHI,BHI
LKE,LKE
MCY,MCY
HKT,HKT
LHR,LHR
VLI,VLI
KSE,KSE
TGH,TGH
GFN,GFN
IQN,IQN
MLX,MLX
OSL,OSL
ALS,ALS
TJA,TJA
YZR,YZR
MJT,MJT
VAA,VAA
BHJ,BHJ
LRM,LRM
LAN,LAN
SYQ,SYQ
XRY,XRY
IIL,IIL
RBQ,RBQ
TRI,TRI
ORH,ORH
STS,STS
AXA,AXA
SRX,SRX
WLG,WLG
ERF,ERF
KUT,KUT
ISA,ISA
DJE,DJE
KKC,KKC
TKX,TKX
KHQ,KHQ
KZN,KZN
JLR,JLR
KUA,KUA
LPT,LPT
SML,SML
TBW,TBW
TCZ,TCZ
GAN,GAN
CZJ,CZJ
PHX,PHX
IGA,IGA
ADF,ADF
HAM,HAM
EFL,EFL
GRP,GRP
MLH,MLH
PHB,PHB
IWK,IWK
CUE,CUE
BTT,BTT
QUV,QUV
ASE,ASE
PVA,PVA
SCM,SCM
OGS,OGS
KCO,KCO
TTU,TTU
TAY,TAY
GZP,GZP
ZDY,ZDY
CJL,CJL
ZEL,ZEL
SVU,SVU
TKD,TKD
INC,INC
BOI,BOI
DAX,DAX
SKB,SKB
RPR,RPR
GUM,GUM
NDU,NDU
KGX,KGX
GSO,GSO
ZSE,ZSE
GRK,GRK
NBX,NBX
ELI,ELI
CPE,CPE
BNA,BNA
KUK,KUK
IZA,IZA
SSH,SSH
STR,STR
ATL,ATL
WTK,WTK
VII,VII
MQJ,MQJ
URS,URS
HVG,HVG
YKL,YKL
BME,BME
YIK,YIK
NYU,NYU
KDV,KDV
SBZ,SBZ
LGI,LGI
KMS,KMS
YPN,YPN
RAH,RAH
JIQ,JIQ
OHH,OHH
RFD,RFD
KHI,KHI
ARM,ARM
DND,DND
TPP,TPP
CUR,CUR
MTT,MTT
CND,CND
RVD,RVD
GTF,GTF
SFB,SFB
VXE,VXE
YZY,YZY
EXI,EXI
YNP,YNP
CFR,CFR
GNV,GNV
CSK,CSK
YTZ,YTZ
NTN,NTN
REG,REG
CNP,CNP
GPB,GPB
ZGS,ZGS
ABA,ABA
MOB,MOB
PVU,PVU
JIM,JIM
CLD,CLD
GLV,GLV
ATD,ATD
AVP,AVP
HVR,HVR
OKC,OKC
OAL,OAL
QOW,QOW
ABV,ABV
CZX,CZX
TSJ,TSJ
MRY,MRY
SCC,SCC
PTG,PTG
LGQ,LGQ
BVS,BVS
AKV,AKV
VAI,VAI
FCO,FCO
YFB,YFB
IMF,IMF
TIH,TIH
EGO,EGO
IMT,IMT
TOU,TOU
JMK,JMK
ACE,ACE
LPL,LPL
RDM,RDM
RMP,RMP
SAT,SAT
UKA,UKA
TAB,TAB
BCI,BCI
YVR,YVR
CMW,CMW
IGM,IGM
LAP,LAP
ROO,ROO
IBE,IBE
AKI,AKI
VRC,VRC
CTG,CTG
LPA,LPA
ONJ,ONJ
BKI,BKI
PKZ,PKZ
RBY,RBY
EVG,EVG
SVG,SVG
WNN,WNN
CKD,CKD
ACY,ACY
LIF,LIF
MMO,MMO
KWJ,KWJ
RRS,RRS
BHX,BHX
GLA,GLA
MCM,MCM
RFP,RFP
GRB,GRB
MXP,MXP
MXV,MXV
ILR,ILR
BGW,BGW
BJM,BJM
KEF,KEF
ASM,ASM
KHZ,KHZ
UTN,UTN
HKN,HKN
MLA,MLA
POG,POG
PZO,PZO
LBJ,LBJ
LEC,LEC
GTE,GTE
CMB,CMB
FOC,FOC
LMC,LMC
MST,MST
HJR,HJR
VIE,VIE
AIN,AIN
YQQ,YQQ
FUT,FUT
BDQ,BDQ
CED,CED
CSG,CSG
MYU,MYU
KUU,KUU
PBC,PBC
KCH,KCH
PDS,PDS
LUZ,LUZ
UBA,UBA
BMW,BMW
ABQ,ABQ
SVX,SVX
UPK,UPK
TGR,TGR
WRL,WRL
NST,NST
MBA,MBA
VFA,VFA
YPL,YPL
EBA,EBA
AUY,AUY
YVB,YVB
YAX,YAX
SIT,SIT
AUX,AUX
RCY,RCY
LXA,LXA
PPS,PPS
LLB,LLB
ZKE,ZKE
JUB,JUB
SAE,SAE
KPO,KPO
EGE,EGE
FLW,FLW
NAV,NAV
ABY,ABY
MCI,MCI
MRE,MRE
KSH,KSH
ULO,ULO
YAG,YAG
BIO,BIO
FVM,FVM
ULK,ULK
TBT,TBT
ZVK,ZVK
CNY,CNY
SPD,SPD
ZBF,ZBF
DIR,DIR
KIM,KIM
MTM,MTM
WRY,WRY
PDA,PDA
AER,AER
FPO,FPO
UMD,UMD
USK,USK
MDL,MDL
KLW,KLW
AXM,AXM
MGH,MGH
ADU,ADU
IMP,IMP
MKY,MKY
TSR,TSR
SCL,SCL
DGT,DGT
HOF,HOF
SMX,SMX
HUU,HUU
CBO,CBO
AQP,AQP
IJK,IJK
SKT,SKT
TZA,TZA
KRP,KRP
NLT,NLT
LEJ,LEJ
ILD,ILD
BBI,BBI
AKF,AKF
VVO,VVO
FOE,FOE
MJF,MJF
RZR,RZR
FEZ,FEZ
FLA,FLA
INN,INN
ERL,ERL
BKG,BKG
JOE,JOE
HAD,HAD
MGQ,MGQ
MXL,MXL
DUR,DUR
THX,THX
KKN,KKN
XAP,XAP
TID,TID
PLZ,PLZ
NDJ,NDJ
PGU,PGU
MOL,MOL
YUX,YUX
FSD,FSD
BSG,BSG
CGR,CGR
KTG,KTG
UBJ,UBJ
JDH,JDH
CKY,CKY
WJU,WJU
UKS,UKS
DBV,DBV
UAP,UAP
UDR,UDR
BNX,BNX
DOY,DOY
VKO,VKO
GYN,GYN
GAL,GAL
MKP,MKP
AAY,AAY
HIA,HIA
PYH,PYH
LPP,LPP
PQI,PQI
MAQ,MAQ
UCT,UCT
YEK,YEK
VLV,VLV
LTN,LTN
RVT,RVT
LYI,LYI
BXR,BXR
FKS,FKS
SUF,SUF
SCK,SCK
PKA,PKA
PBD,PBD
SUK,SUK
MGZ,MGZ
AKP,AKP
CVG,CVG
BKM,BKM
CGY,CGY
GWL,GWL
LRH,LRH
VST,VST
BZE,BZE
ESC,ESC
PNQ,PNQ
IAR,IAR
CIJ,CIJ
IXR,IXR
BLK,BLK
STC,STC
ELM,ELM
GRR,GRR
CLO,CLO
DIG,DIG
SSG,SSG
BDS,BDS
NTL,NTL
CNF,CNF
CIK,CIK
BSS,BSS
HUI,HUI
MVY,MVY
VCS,VCS
SZZ,SZZ
INV,INV
PBM,PBM
LEQ,LEQ
BVH,BVH
KZS,KZS
AGN,AGN
SPP,SPP
YQG,YQG
FYU,FYU
SCE,SCE
HGU,HGU
CUC,CUC
NAJ,NAJ
POM,POM
ODO,ODO
YKG,YKG
SDU,SDU
BTJ,BTJ
PBO,PBO
LBP,LBP
MEB,MEB
ENA,ENA
BFF,BFF
SGD,SGD
XFN,XFN
UIN,UIN
BKZ,BKZ
PUE,PUE
AGF,AGF
HHN,HHN
BKK,BKK
BJF,BJF
WMR,WMR
TBB,TBB
KID,KID
CIF,CIF
DLC,DLC
KEW,KEW
NDR,NDR
IRG,IRG
GIB,GIB
GRW,GRW
XKH,XKH
HRO,HRO
SDL,SDL
TBG,TBG
CZS,CZS
KCA,KCA
KPV,KPV
IUE,IUE
USM,USM
CFK,CFK
YFJ,YFJ
FNJ,FNJ
RUA,RUA
YAP,YAP
LOS,LOS
AKY,AKY
KHH,KHH
ORU,ORU
ACX,ACX
MGB,MGB
TDD,TDD
FTA,FTA
MNG,MNG
AOE,AOE
ACH,ACH
GPI,GPI
AAX,AAX
EDR,EDR
PRH,PRH
TUI,TUI
MQX,MQX
KNX,KNX
YWB,YWB
TOS,TOS
MCZ,MCZ
ORN,ORN
BSL,BSL
BUQ,BUQ
JXA,JXA
BUN,BUN
PMI,PMI
AEX,AEX
JKH,JKH
DFW,DFW
SYX,SYX
KVC,KVC
BPS,BPS
BVI,BVI
BSO,BSO
ROW,ROW
BAY,BAY
SYY,SYY
MSW,MSW
TYS,TYS
WAW,WAW
VCA,VCA
AMQ,AMQ
SCO,SCO
LCG,LCG
AZO,AZO
TUS,TUS
STX,STX
BET,BET
AAQ,AAQ
AKL,AKL
CDG,CDG
DRV,DRV
YSY,YSY
TUA,TUA
ITB,ITB
TRN,TRN
MMY,MMY
GHA,GHA
HRE,HRE
LCY,LCY
URC,URC
TPA,TPA
RVN,RVN
SLH,SLH
JAX,JAX
AJA,AJA
KLG,KLG
PNI,PNI
PJA,PJA
LMN,LMN
YHI,YHI
ABT,ABT
DKR,DKR
SJW,SJW
OZZ,OZZ
TCG,TCG
HOG,HOG
DEF,DEF
SHP,SHP
TUR,TUR
ACZ,ACZ
CCU,CCU
YMT,YMT
CGP,CGP
SJC,SJC
NBE,NBE
MJU,MJU
DJG,DJG
LYC,LYC
TRR,TRR
TUB,TUB
BHS,BHS
BQS,BQS
AKJ,AKJ
HAC,HAC
SXB,SXB
NKG,NKG
KNQ,KNQ
AOG,AOG
SJO,SJO
YUL,YUL
TNR,TNR
CVM,CVM
NME,NME
KBV,KBV
PXM,PXM
CJC,CJC
ASF,ASF
EYK,EYK
WKJ,WKJ
NGK,NGK
SBP,SBP
GUC,GUC
KYA,KYA
SLN,SLN
DEA,DEA
RDV,RDV
KOI,KOI
OMO,OMO
MUC,MUC
ODY,ODY
TGZ,TGZ
JTY,JTY
PNH,PNH
HDM,HDM
HOE,HOE
NLA,NLA
MJV,MJV
YQR,YQR
CPD,CPD
HKK,HKK
XCH,XCH
MYY,MYY
LOH,LOH
MVT,MVT
YBL,YBL
BOM,BOM
ASR,ASR
FEG,FEG
IPA,IPA
RVK,RVK
BIS,BIS
PAG,PAG
KNU,KNU
BRL,BRL
DNH,DNH
PVK,PVK
SRP,SRP
IQT,IQT
GBB,GBB
CSX,CSX
PVD,PVD
JRO,JRO
TLT,TLT
CIA,CIA
IKS,IKS
IBZ,IBZ
KYP,KYP
PUF,PUF
DPS,DPS
LPY,LPY
SDN,SDN
OGL,OGL
PSO,PSO
PIK,PIK
RAI,RAI
DYG,DYG
STG,STG
LUK,LUK
THE,THE
CXJ,CXJ
PKN,PKN
NTQ,NTQ
MEE,MEE
DYU,DYU
SHA,SHA
ZQN,ZQN
YSG,YSG
JAL,JAL
RUR,RUR
RKS,RKS
NVA,NVA
INH,INH
HRL,HRL
WWT,WWT
BPT,BPT
YXN,YXN
ATY,ATY
LWN,LWN
QJH,QJH
KIV,KIV
ELV,ELV
GHE,GHE
LYA,LYA
GJT,GJT
LLF,LLF
KOP,KOP
LCK,LCK
GDN,GDN
AFL,AFL
PKY,PKY
HBE,HBE
HEA,HEA
RIC,RIC
STM,STM
SRQ,SRQ
BTM,BTM
NAH,NAH
AHO,AHO
BLA,BLA
AWZ,AWZ
KUZ,KUZ
MAB,MAB
NYT,NYT
COU,COU
BLE,BLE
TCR,TCR
YQB,YQB
NRL,NRL
BNK,BNK
YFH,YFH
MOZ,MOZ
FRW,FRW
NRA,NRA
INU,INU
AZS,AZS
LZC,LZC
BUL,BUL
JST,JST
CZM,CZM
LUV,LUV
BDB,BDB
KSF,KSF
SFO,SFO
DHI,DHI
NTG,NTG
OHE,OHE
EAS,EAS
FDF,FDF
LYG,LYG
LWY,LWY
KME,KME
EOI,EOI
RVV,RVV
POR,POR
CCC,CCC
DLY,DLY
OSM,OSM
TRD,TRD
LUM,LUM
VIS,VIS
LHW,LHW
IDR,IDR
BWK,BWK
RKA,RKA
SLX,SLX
LEA,LEA
FWA,FWA
JNG,JNG
DOM,DOM
CCM,CCM
YKS,YKS
INL,INL
MQM,MQM
RAR,RAR
BOY,BOY
VIX,VIX
ARI,ARI
DAR,DAR
NGS,NGS
ODN,ODN
PXU,PXU
RCM,RCM
DUJ,DUJ
RHI,RHI
BBK,BBK
KOK,KOK
BZL,BZL
JHW,JHW
HRG,HRG
MMU,MMU
GVA,GVA
SMF,SMF
ZGU,ZGU
AQJ,AQJ
YCS,YCS
KIH,KIH
AMM,AMM
PKU,PKU
WXN,WXN
JER,JER
CAN,CAN
REP,REP
SDF,SDF
MMJ,MMJ
RMI,RMI
MLW,MLW
BAX,BAX
CAE,CAE
PIR,PIR
CME,CME
SGY,SGY
FNT,FNT
EQS,EQS
SVO,SVO
AES,AES
SWJ,SWJ
IKT,IKT
HTA,HTA
RES,RES
PGK,PGK
BHE,BHE
ASO,ASO
KIS,KIS
ELG,ELG
RSD,RSD
KYZ,KYZ
HMA,HMA
LIR,LIR
NPE,NPE
MME,MME
TKG,TKG
NAS,NAS
EMK,EMK
MLG,MLG
BAV,BAV
OER,OER
VLC,VLC
NUE,NUE
ARC,ARC
MRS,MRS
DAU,DAU
VKG,VKG
LLK,LLK
PTP,PTP
BZO,BZO
ERZ,ERZ
YWL,YWL
DPL,DPL
JOS,JOS
ANM,ANM
IRK,IRK
HKD,HKD
TAL,TAL
SNP,SNP
UKX,UKX
LEN,LEN
VDH,VDH
FLO,FLO
YIC,YIC
ZCL,ZCL
PSJ,PSJ
ORI,ORI
MUN,MUN
MQP,MQP
TOL,TOL
MTS,MTS
FUO,FUO
POZ,POZ
MCN,MCN
YXY,YXY
MPP,MPP
BDU,BDU
LST,LST
IXU,IXU
KDI,KDI
BJV,BJV
EDA,EDA
YYZ,YYZ
YHM,YHM
CEI,CEI
MJD,MJD
SON,SON
TPE,TPE
EVN,EVN
PIN,PIN
OLC,OLC
YRA,YRA
ZIG,ZIG
SHC,SHC
YPJ,YPJ
AAE,AAE
UVF,UVF
KDU,KDU
JIU,JIU
LIT,LIT
JNZ,JNZ
KRS,KRS
FNC,FNC
SLP,SLP
IST,IST
TWB,TWB
KWL,KWL
PEN,PEN
KIX,KIX
KWM,KWM
BSD,BSD
GRJ,GRJ
MLB,MLB
LTI,LTI
TBI,TBI
WAE,WAE
PFO,PFO
PNK,PNK
DJJ,DJJ
FAR,FAR
ELS,ELS
WTL,WTL
NSQ,NSQ
KSU,KSU
RJH,RJH
SKG,SKG
MJN,MJN
BGF,BGF
MQH,MQH
LSA,LSA
BRE,BRE
ACA,ACA
JAV,JAV
RGN,RGN
ELH,ELH
TGD,TGD
HEL,HEL
VDE,VDE
LFR,LFR
BRO,BRO
AEY,AEY
PFQ,PFQ
MAH,MAH
ESM,ESM
BDJ,BDJ
DVO,DVO
SPS,SPS
LMT,LMT
YPC,YPC
GCM,GCM
BRU,BRU
IND,IND
CYZ,CYZ
VGO,VGO
SBW,SBW
MHQ,MHQ
OZC,OZC
UAH,UAH
DUT,DUT
QFG,QFG
AZI,AZI
EBU,EBU
AXD,AXD
DUS,DUS
SVR,SVR
SJK,SJK
DEE,DEE
JHG,JHG
PPV,PPV
KEP,KEP
ASW,ASW
GIU,GIU
TNK,TNK
LFM,LFM
SZI,SZI
TAH,TAH
WBB,WBB
BGI,BGI
YVO,YVO
HRI,HRI
KIT,KIT
LCA,LCA
SMS,SMS
HDS,HDS
SNW,SNW
LIH,LIH
COS,COS
BRN,BRN
KSA,KSA
AGA,AGA
LUG,LUG
IDA,IDA
BJR,BJR
ELC,ELC
MMB,MMB
CRI,CRI
PMY,PMY
MHH,MHH
VLN,VLN
LEX,LEX
JEG,JEG
CCK,CCK
JUV,JUV
GOI,GOI
IXE,IXE
KCK,KCK
ROV,ROV
DSA,DSA
HZH,HZH
ACV,ACV
BAH,BAH
ZIH,ZIH
KWE,KWE
DGA,DGA
DAY,DAY
BRR,BRR
YAA,YAA
NOB,NOB
BON,BON
YYG,YYG
NCE,NCE
KLV,KLV
KUD,KUD
MZV,MZV
TKK,TKK
KGE,KGE
LIM,LIM
YQX,YQX
RGA,RGA
ILP,ILP
TOB,TOB
TBS,TBS
XGR,XGR
PHC,PHC
AZA,AZA
TRC,TRC
DEL,DEL
LKH,LKH
OMA,OMA
CPH,CPH
CDR,CDR
AVL,AVL
ISN,ISN
NAO,NAO
OVB,OVB
ULP,ULP
PNL,PNL
GUW,GUW
BKC,BKC
NSK,NSK
SZG,SZG
PWM,PWM
MID,MID
DIW,DIW
BFQ,BFQ
IBR,IBR
AKB,AKB
DHM,DHM
CEN,CEN
IXC,IXC
LDH,LDH
RTA,RTA
USH,USH
ARH,ARH
UDJ,UDJ
YVQ,YVQ
AAN,AAN
TET,TET
TZX,TZX
OAJ,OAJ
DIB,DIB
NLD,NLD
BHQ,BHQ
PHO,PHO
BJI,BJI
CTC,CTC
IOS,IOS
MIS,MIS
ENH,ENH
XKS,XKS
EDL,EDL
BHB,BHB
PTY,PTY
CIC,CIC
GLN,GLN
RBR,RBR
PRI,PRI
UTT,UTT
HGR,HGR
AGT,AGT
YGW,YGW
SLL,SLL
TXN,TXN
ARU,ARU
DRS,DRS
OND,OND
PRC,PRC
MPM,MPM
EJH,EJH
PEW,PEW
DMB,DMB
OSR,OSR
KGD,KGD
MSN,MSN
WEF,WEF
GCH,GCH
YGX,YGX
PUJ,PUJ
QFX,QFX
BKW,BKW
LGL,LGL
SRZ,SRZ
VNS,VNS
TMI,TMI
NLG,NLG
NMA,NMA
ROK,ROK
YTS,YTS
KWI,KWI
PLU,PLU
YAC,YAC
MBT,MBT
BIA,BIA
ADK,ADK
YCU,YCU
ORB,ORB
YHZ,YHZ
REC,REC
VPY,VPY
TLS,TLS
ADA,ADA
NGB,NGB
GPT,GPT
ZSA,ZSA
AOK,AOK
CRW,CRW
PEZ,PEZ
YXH,YXH
SAW,SAW
SHD,SHD
LGB,LGB
LBL,LBL
CNM,CNM
DLE,DLE
YWH,YWH
LUX,LUX
TWF,TWF
RAS,RAS
PIS,PIS
SUB,SUB
AIT,AIT
TGM,TGM
FRA,FRA
OLF,OLF
MZG,MZG
STL,STL
NQY,NQY
YOJ,YOJ
SFT,SFT
LWS,LWS
AAL,AAL
BIL,BIL
EBJ,EBJ
ESB,ESB
LJG,LJG
YDF,YDF
HER,HER
GEO,GEO
ESD,ESD
MDW,MDW
GCN,GCN
MMH,MMH
CBQ,CBQ
BTS,BTS
UGC,UGC
LDB,LDB
CBH,CBH
CNS,CNS
LIN,LIN
MII,MII
GJA,GJA
PQM,PQM
URY,URY
VLS,VLS
CJJ,CJJ
PSP,PSP
WMI,WMI
OST,OST
AUK,AUK
GOJ,GOJ
HRM,HRM
MYJ,MYJ
BEL,BEL
FMA,FMA
KSJ,KSJ
YZT,YZT
ARN,ARN
JLN,JLN
CKS,CKS
CIX,CIX
BFS,BFS
TSA,TSA
UST,UST
YRT,YRT
LBV,LBV
ONG,ONG
HBA,HBA
ILG,ILG
IAD,IAD
NOJ,NOJ
KLO,KLO
AHB,AHB
THU,THU
CUZ,CUZ
GKA,GKA
CRD,CRD
PAH,PAH
ZCO,ZCO
COO,COO
VUS,VUS
AXP,AXP
SQS,SQS
ZLT,ZLT
MQF,MQF
IPT,IPT
IZO,IZO
VTE,VTE
BQK,BQK
IXS,IXS
NBS,NBS
RIX,RIX
AYQ,AYQ
TSE,TSE
BLR,BLR
MDC,MDC
THN,THN
OZH,OZH
PQQ,PQQ
VAR,VAR
HJJ,HJJ
OIT,OIT
YYR,YYR
OBY,OBY
PPK,PPK
KOS,KOS
YPO,YPO
LRS,LRS
IOM,IOM
TGK,TGK
DMD,DMD
LKN,LKN
TMU,TMU
TKE,TKE
TGG,TGG
JNB,JNB
BHU,BHU
PBL,PBL
BMV,BMV
PYC,PYC
TLH,TLH
MYD,MYD
YGH,YGH
YES,YES
SJZ,SJZ
FLN,FLN
CZH,CZH
BJB,BJB
VIL,VIL
KAD,KAD
HMO,HMO
BOH,BOH
IFJ,IFJ
ABE,ABE
YTE,YTE
APL,APL
MMK,MMK
PVE,PVE
YUS,YUS
KUL,KUL
YLW,YLW
TSF,TSF
GCC,GCC
SYO,SYO
BAL,BAL
QUB,QUB
UPG,UPG
SHW,SHW
ATM,ATM
DZN,DZN
IKE,IKE
PPQ,PPQ
YPH,YPH
NZH,NZH
AQI,AQI
OMS,OMS
KBP,KBP
BVB,BVB
OOL,OOL
MOT,MOT
GBT,GBT
OIM,OIM
IAA,IAA
TAO,TAO
PDT,PDT
VEL,VEL
SCQ,SCQ
UUS,UUS
TRE,TRE
SMA,SMA
UAQ,UAQ
YXE,YXE
BES,BES
BTU,BTU
GSP,GSP
WLK,WLK
SVL,SVL
KUO,KUO
MPH,MPH
CCS,CCS
BUZ,BUZ
OSS,OSS
BIK,BIK
EGC,EGC
GMP,GMP
SEZ,SEZ
AOQ,AOQ
DRW,DRW
BHV,BHV
HAN,HAN
MBJ,MBJ
NCL,NCL
SHX,SHX
TUC,TUC
HYN,HYN
WLS,WLS
ZFM,ZFM
JNU,JNU
YLC,YLC
CRL,CRL
CJU,CJU
RSA,RSA
ABL,ABL
KTS,KTS
CPC,CPC
LCX,LCX
CPX,CPX
DAV,DAV
TXK,TXK
JPA,JPA
HET,HET
SKD,SKD
AAR,AAR
OVD,OVD
YYB,YYB
WNR,WNR
BUW,BUW
RCB,RCB
TOG,TOG
UET,UET
RMA,RMA
PIE,PIE
AZN,AZN
WUX,WUX
LRD,LRD
CRM,CRM
PHL,PHL
MKK,MKK
INB,INB
CHX,CHX
PNP,PNP
YQD,YQD
HOT,HOT
AJR,AJR
MAR,MAR
YAM,YAM
BEW,BEW
CFE,CFE
RTB,RTB
OUA,OUA
EAE,EAE
BUD,BUD
QSF,QSF
BAZ,BAZ
ISC,ISC
AKU,AKU
ROP,ROP
YKT,YKT
TOH,TOH
MEU,MEU
THR,THR
GBE,GBE
RAO,RAO
KBL,KBL
BOG,BOG
DMM,DMM
BND,BND
CEE,CEE
OLL,OLL
YSM,YSM
KHY,KHY
KPR,KPR
URE,URE
RKD,RKD
QUW,QUW
PAT,PAT
EVE,EVE
CNJ,CNJ
YHR,YHR
VLY,VLY
SGF,SGF
FON,FON
DLG,DLG
PVH,PVH
BVV,BVV
ZAZ,ZAZ
KVG,KVG
ERM,ERM
HSV,HSV
TIZ,TIZ
HFE,HFE
WGP,WGP
STW,STW
SJD,SJD
ABX,ABX
HDN,HDN
CUK,CUK
MYR,MYR
INZ,INZ
KUV,KUV
WWP,WWP
YFC,YFC
CXF,CXF
GMR,GMR
GWT,GWT
CLQ,CLQ
MPL,MPL
ISU,ISU
TNG,TNG
KLX,KLX
KAW,KAW
ITO,ITO
ADZ,ADZ
SBN,SBN
RSU,RSU
HMB,HMB
TQL,TQL
TXL,TXL
MSZ,MSZ
BKS,BKS
DSK,DSK
NOC,NOC
MHD,MHD
PRA,PRA
SHB,SHB
PRG,PRG
ELF,ELF
HBX,HBX
FAE,FAE
FTE,FTE
ZEM,ZEM
CHG,CHG
NKM,NKM
AMS,AMS
NYA,NYA
RST,RST
OGX,OGX
FAT,FAT
CMG,CMG
MCE,MCE
LRR,LRR
JTR,JTR
TLE,TLE
LNZ,LNZ
ACK,ACK
DCM,DCM
LOE,LOE
PHE,PHE
LBS,LBS
SDJ,SDJ
GYS,GYS
KTT,KTT
BLD,BLD
LCH,LCH
LFT,LFT
ZKG,ZKG
WUA,WUA
BNY,BNY
CAH,CAH
EMD,EMD
TCQ,TCQ
MWA,MWA
KDM,KDM
JBR,JBR
CGM,CGM
MZH,MZH
PEM,PEM
RTM,RTM
EAT,EAT
ALF,ALF
JUK,JUK
TLC,TLC
KCZ,KCZ
KLL,KLL
ANR,ANR
NAP,NAP
YXU,YXU
ANG,ANG
ETZ,ETZ
RDD,RDD
SID,SID
FUK,FUK
RGL,RGL
TUL,TUL
XNA,XNA
ISP,ISP
CIH,CIH
PEG,PEG
KWT,KWT
GPS,GPS
GIG,GIG
ALA,ALA
JPR,JPR
CMA,CMA
HNS,HNS
LMP,LMP
LQM,LQM
ZHY,ZHY
UIB,UIB
KLU,KLU
ACU,ACU
JJN,JJN
CHO,CHO
TMM,TMM
FMO,FMO
SMI,SMI
KHN,KHN
KAL,KAL
PJG,PJG
JOG,JOG
SHM,SHM
NAN,NAN
RZE,RZE
CEM,CEM
DRG,DRG
VXC,VXC
DBQ,DBQ
SRK,SRK
UKK,UKK
RMT,RMT
WWK,WWK
CAG,CAG
IXJ,IXJ
DIE,DIE
GXH,GXH
HID,HID
SNA,SNA
FRS,FRS
TKP,TKP
MNS,MNS
PDG,PDG
VCE,VCE
LWB,LWB
LOK,LOK
MLL,MLL
MUE,MUE
ZUM,ZUM
ZNE,ZNE
SPB,SPB
ZYI,ZYI
PIH,PIH
XQP,XQP
RJL,RJL
NYK,NYK
TFI,TFI
ERS,ERS
WSX,WSX
GGT,GGT
SIC,SIC
SHL,SHL
SVJ,SVJ
TOF,TOF
LUN,LUN
VVI,VVI
KKE,KKE
HLA,HLA
KNS,KNS
SSR,SSR
TIR,TIR
SLY,SLY
GYE,GYE
YNZ,YNZ
IAN,IAN
GFK,GFK
SWF,SWF
CMU,CMU
SYM,SYM
CEG,CEG
DTM,DTM
CPO,CPO
LCE,LCE
VVC,VVC
RVE,RVE
FLG,FLG
HSL,HSL
BKY,BKY
GCK,GCK
PHF,PHF
KRR,KRR
GCW,GCW
PJM,PJM
KZB,KZB
ROC,ROC
AGR,AGR
SAB,SAB
PSS,PSS
ANV,ANV
KSN,KSN
PAF,PAF
BYC,BYC
LLI,LLI
CRA,CRA
PMF,PMF
PFB,PFB
HVN,HVN
TVC,TVC
YOG,YOG
YOW,YOW
HPH,HPH
KKR,KKR
AUS,AUS
MRZ,MRZ
KSC,KSC
VXO,VXO
KKH,KKH
VNX,VNX
SNE,SNE
COD,COD
AHE,AHE
MYA,MYA
PDV,PDV
BZR,BZR
CCF,CCF
TRG,TRG
DHN,DHN
ROB,ROB
BRW,BRW
ANC,ANC
ZAD,ZAD
PKE,PKE
RIW,RIW
PLX,PLX
ROR,ROR
PDL,PDL
KGS,KGS
NQN,NQN
MEL,MEL
MCO,MCO
YTH,YTH
MWX,MWX
SDV,SDV
SNU,SNU
PEI,PEI
YTL,YTL
FBM,FBM
MTJ,MTJ
SGU,SGU
KGC,KGC
MRX,MRX
RYG,RYG
LOP,LOP
HAA,HAA
IEV,IEV
GTO,GTO
PIX,PIX
HOD,HOD
PZU,PZU
BKQ,BKQ
LIS,LIS
PTH,PTH
FOR,FOR
NRT,NRT
KOW,KOW
KOE,KOE
RIG,RIG
YIF,YIF
YGV,YGV
HNL,HNL
CGD,CGD
KPB,KPB
UNG,UNG
BRM,BRM
OTZ,OTZ
MWZ,MWZ
POS,POS
SKU,SKU
DNR,DNR
YIN,YIN
MQN,MQN
BMU,BMU
PWE,PWE
YSK,YSK
MIA,MIA
MSO,MSO
GEV,GEV
ZBR,ZBR
LNV,LNV
LAI,LAI
CAK,CAK
CSY,CSY
KUN,KUN
OLB,OLB
JJU,JJU
HYA,HYA
CMI,CMI
BJL,BJL
ZHA,ZHA
GYD,GYD
CZE,CZE
HLD,HLD
CHC,CHC
KTB,KTB
PKR,PKR
LKO,LKO
TDX,TDX
SAN,SAN
MOU,MOU
TUF,TUF
JOI,JOI
GLT,GLT
YHU,YHU
AYT,AYT
NGQ,NGQ
TCO,TCO
JMU,JMU
VLL,VLL
TNN,TNN
IXL,IXL
ULN,ULN
HAV,HAV
SCZ,SCZ
LGG,LGG
RUS,RUS
BVG,BVG
JED,JED
MKG,MKG
TUK,TUK
CLM,CLM
CBB,CBB
UUD,UUD
ATA,ATA
REL,REL
LAD,LAD
CDB,CDB
AZD,AZD
MIG,MIG
GLH,GLH
HIN,HIN
KTM,KTM
BHD,BHD
MIM,MIM
STZ,STZ
AMD,AMD
SKP,SKP
BFD,BFD
WAG,WAG
SIN,SIN
VCP,VCP
UYN,UYN
PPP,PPP
SSY,SSY
GVR,GVR
OBO,OBO
FMM,FMM
GXF,GXF
MFE,MFE
NJC,NJC
EIS,EIS
SAP,SAP
MBL,MBL
YCB,YCB
DCY,DCY
DPO,DPO
TBP,TBP
IGD,IGD
XIL,XIL
CBR,CBR
CAI,CAI
ATZ,ATZ
PVG,PVG
WHK,WHK
PAP,PAP
YRL,YRL
CAY,CAY
TYF,TYF
LUD,LUD
REN,REN
TNA,TNA
OWB,OWB
HAH,HAH
LJU,LJU
RBV,RBV
DGO,DGO
GOV,GOV
TNC,TNC
YYE,YYE
GNY,GNY
DXB,DXB
YEV,YEV
AIU,AIU
SXF,SXF
DJB,DJB
SRV,SRV
FRE,FRE
FLL,FLL
SKZ,SKZ
JJA,JJA
ABB,ABB
PGA,PGA
KWK,KWK
ALB,ALB
EUG,EUG
HDF,HDF
MHC,MHC
LDY,LDY
DED,DED
KKI,KKI
YVM,YVM
ASV,ASV
OUD,OUD
SNN,SNN
BZG,BZG
ALW,ALW
YYC,YYC
MSL,MSL
LYS,LYS
TLV,TLV
SSB,SSB
TGC,TGC
CGO,CGO
JSY,JSY
LXS,LXS
MCG,MCG
BCD,BCD
BEG,BEG
HCR,HCR
ROA,ROA
YQF,YQF
PKB,PKB
LXR,LXR
CMP,CMP
PVR,PVR
MXH,MXH
ICT,ICT
EYP,EYP
MAF,MAF
BTK,BTK
UIH,UIH
TUO,TUO
JUH,JUH
PSR,PSR
ERC,ERC
LGK,LGK
CYX,CYX
JAN,JAN
WBM,WBM
TTE,TTE
GPA,GPA
NNG,NNG
ABZ,ABZ
YZZ,YZZ
RXS,RXS
BJX,BJX
TIP,TIP
BWA,BWA
CLJ,CLJ
SOM,SOM
YWG,YWG
BGG,BGG
YLL,YLL
ABI,ABI
AET,AET
KRT,KRT
UII,UII
NGO,NGO
JKG,JKG
OGG,OGG
RNA,RNA
AGB,AGB
AUG,AUG
ATC,ATC
FMN,FMN
LRT,LRT
ULZ,ULZ
NOU,NOU
ISE,ISE
LKB,LKB
CEC,CEC
SLW,SLW
ECN,ECN
NNM,NNM
DCN,DCN
TIA,TIA
RNN,RNN
KGF,KGF
SMK,SMK
MSJ,MSJ
ZMT,ZMT
TNO,TNO
SCY,SCY
HIR,HIR
TMR,TMR
NER,NER
LPQ,LPQ
KAO,KAO
MVR,MVR
PBJ,PBJ
SVC,SVC
DWC,DWC
BWI,BWI
CLV,CLV
LET,LET
CCV,CCV
ANS,ANS
ZTB,ZTB
BLZ,BLZ
ORV,ORV
CCP,CCP
TAI,TAI
CJS,CJS
BJZ,BJZ
KLR,KLR
JUU,JUU
MYW,MYW
BEN,BEN
HUS,HUS
KHD,KHD
URT,URT
QFN,QFN
SHV,SHV
DCA,DCA
RTW,RTW
WDH,WDH
LUH,LUH
SGG,SGG
SMR,SMR
LEB,LEB
RGS,RGS
CLL,CLL
KNH,KNH
AQG,AQG
VBY,VBY
KAN,KAN
PED,PED
PRN,PRN
SAH,SAH
MSY,MSY
CIZ,CIZ
IUI,IUI
HLN,HLN
ZQW,ZQW
KUS,KUS
LNS,LNS
KCM,KCM
HUH,HUH
LEH,LEH
LGW,LGW
CUQ,CUQ
DLH,DLH
BLI,BLI
JUL,JUL
CGQ,CGQ
NSH,NSH
OMH,OMH
MRD,MRD
AKN,AKN
DIJ,DIJ
XMS,XMS
CZU,CZU
OMR,OMR
WIL,WIL
ORX,ORX
JFK,JFK
VGA,VGA
GRV,GRV
ONT,ONT
WUH,WUH
APW,APW
SDG,SDG
THS,THS
TTN,TTN
LNB,LNB
YQK,YQK
ITM,ITM
SUJ,SUJ
CYF,CYF
BNB,BNB
SFA,SFA
CHS,CHS
ABM,ABM
AUC,AUC
EKS,EKS
SXI,SXI
BIQ,BIQ
IXA,IXA
CIU,CIU
PIU,PIU
UIP,UIP
TMC,TMC
TFF,TFF
BMI,BMI
NQU,NQU
MAO,MAO
AVA,AVA
TUP,TUP
GOH,GOH
JFR,JFR
FTU,FTU
LTX,LTX
NYI,NYI
MEC,MEC
FCA,FCA
TRV,TRV
HDY,HDY
HUN,HUN
HOV,HOV
YYF,YYF
GSE,GSE
KRK,KRK
PGD,PGD
VPE,VPE
ZAT,ZAT
VDC,VDC
IGU,IGU
KVK,KVK
SWA,SWA
GNM,GNM
MLU,MLU
SHE,SHE
YVZ,YVZ
VSA,VSA
BYO,BYO
SLA,SLA
HOM,HOM
KSY,KSY
MOC,MOC
TIJ,TIJ
ULH,ULH
EGS,EGS
FUN,FUN
OME,OME
ASP,ASP
AJF,AJF
STD,STD
GIZ,GIZ
THL,THL
NOS,NOS
CGN,CGN
BEU,BEU
GIL,GIL
MGW,MGW
SOW,SOW
WMX,WMX
BFL,BFL
PPB,PPB
AGM,AGM
HON,HON
TLN,TLN
PEC,PEC
OAK,OAK
YCY,YCY
SJJ,SJJ
KQA,KQA
IPN,IPN
SCU,SCU
WRO,WRO
YKF,YKF
PNS,PNS
KVL,KVL
JGA,JGA
SSA,SSA
LDS,LDS
YMM,YMM
IXM,IXM
IKI,IKI
DAC,DAC
MXX,MXX
AKX,AKX
YCD,YCD
TVF,TVF
RJA,RJA
PHS,PHS
ONQ,ONQ
JDZ,JDZ
XFW,XFW
ZSJ,ZSJ
PGV,PGV
MUB,MUB
WAA,WAA
IWJ,IWJ
YUT,YUT
NUS,NUS
HND,HND
PBZ,PBZ
MAU,MAU
SJI,SJI
KAA,KAA
YQU,YQU
FBS,FBS
KXU,KXU
VAK,VAK
HMI,HMI
FUG,FUG
KIF,KIF
SOJ,SOJ
SVB,SVB
LEI,LEI
TAS,TAS
ZOS,ZOS
LSY,LSY
CXI,CXI
SAL,SAL
BSA,BSA
KKA,KKA
MNT,MNT
MMX,MMX
PSA,PSA
TST,TST
SUV,SUV
SVZ,SVZ
RUN,RUN
RET,RET
DBA,DBA
DSM,DSM
UYL,UYL
HOU,HOU
PQS,PQS
LUO,LUO
ELU,ELU
SYR,SYR
JAU,JAU
LVI,LVI
DEN,DEN
YNG,YNG
PGF,PGF
CZL,CZL
MUK,MUK
DNK,DNK
ILO,ILO
ARW,ARW
MKE,MKE
BNI,BNI
ELQ,ELQ
GAE,GAE
AEB,AEB
AUQ,AUQ
KMI,KMI
PIT,PIT
RNO,RNO
LGP,LGP
GAO,GAO
HAU,HAU
HYL,HYL
MEI,MEI
GRU,GRU
JHS,JHS
DEB,DEB
MUX,MUX
SFN,SFN
KPN,KPN
PPN,PPN
NIB,NIB
CFU,CFU
YIW,YIW
BDA,BDA
BOD,BOD
SDD,SDD
UBP,UBP
KWN,KWN
HUY,HUY
EAR,EAR
ZAM,ZAM
AXU,AXU
PSE,PSE
KLN,KLN
BWN,BWN
MFM,MFM
VIN,VIN
GYA,GYA
DAB,DAB
CAC,CAC
ACI,ACI
BUF,BUF
IBA,IBA
CAJ,CAJ
IXB,IXB
DZA,DZA
YNB,YNB
CJM,CJM
YJT,YJT
ANX,ANX
YZS,YZS
ARK,ARK
MDU,MDU
TMW,TMW
IRC,IRC
EGM,EGM
ATH,ATH
HAQ,HAQ
TML,TML
LJA,LJA
HPN,HPN
WUS,WUS
CAW,CAW
TNW,TNW
LUW,LUW
ADQ,ADQ
AHU,AHU
OIA,OIA
LOD,LOD
PIP,PIP
JSH,JSH
PLM,PLM
ALG,ALG
BEY,BEY
SDP,SDP
SYZ,SYZ
YBC,YBC
KWA,KWA
YIH,YIH
MNA,MNA
MQT,MQT
SDY,SDY
MRV,MRV
SLC,SLC
YOL,YOL
NUI,NUI
RYK,RYK
GHB,GHB
PMW,PMW
TRK,TRK
KMQ,KMQ
AGX,AGX
YTQ,YTQ
CAP,CAP
YSJ,YSJ
GET,GET
CCJ,CCJ
FKI,FKI
CXR,CXR
UFA,UFA
TJM,TJM
MLO,MLO
KTW,KTW
SVD,SVD
QRW,QRW
RIY,RIY
OKA,OKA
PLN,PLN
YXP,YXP
NWI,NWI
LHE,LHE
BHH,BHH
VUP,VUP
YBP,YBP
OLP,OLP
GGG,GGG
CAL,CAL
VAW,VAW
VHC,VHC
BFJ,BFJ
BAQ,BAQ
GOT,GOT
QOQ,QOQ
MRU,MRU
HKB,HKB
SZB,SZB
SJP,SJP
IAS,IAS
ABS,ABS
PEK,PEK
SUG,SUG
PAS,PAS
PAV,PAV
ABJ,ABJ
BVA,BVA
FAI,FAI
CUM,CUM
ZAL,ZAL
SLQ,SLQ
ZAG,ZAG
CDC,CDC
AUH,AUH
KKB,KKB
NNY,NNY
VPS,VPS
TMP,TMP
SBH,SBH
GLO,GLO
IVC,IVC
KOC,KOC
TSV,TSV
ODS,ODS
PEU,PEU
YBG,YBG
NKI,NKI
MBE,MBE
RJK,RJK
EEK,EEK
KCG,KCG
CWA,CWA
GFF,GFF
DOL,DOL
CMH,CMH
MED,MED
NNB,NNB
VNO,VNO
SOU,SOU
URA,URA
SBA,SBA
GMB,GMB
UDI,UDI
CXH,CXH
TOY,TOY
PUM,PUM
BOJ,BOJ
JIJ,JIJ
NEV,NEV
ROT,ROT
CTS,CTS
EIN,EIN
SRE,SRE
KRF,KRF
YZG,YZG
HRK,HRK
FSM,FSM
YGR,YGR
XMN,XMN
VIJ,VIJ
LPM,LPM
ORY,ORY
ASJ,ASJ
JYV,JYV
DLU,DLU
XUZ,XUZ
DOH,DOH
HIJ,HIJ
UNN,UNN
COQ,COQ
FAY,FAY
LPI,LPI
ADL,ADL
AIA,AIA
LAR,LAR
FSC,FSC
GES,GES
APN,APN
AOO,AOO
IRP,IRP
HDG,HDG
TME,TME
LCR,LCR
MSS,MSS
TRF,TRF
KHG,KHG
SDK,SDK
XEQ,XEQ
TRW,TRW
MLM,MLM
CRP,CRP
OTP,OTP
MDQ,MDQ
PUY,PUY
LSP,LSP
CEZ,CEZ
BNC,BNC
SSJ,SSJ
CMN,CMN
XIY,XIY
BCN,BCN
YQM,YQM
OPO,OPO
BSK,BSK
LUQ,LUQ
BUR,BUR
RLK,RLK
IGG,IGG
KOT,KOT
VRA,VRA
TVY,TVY
LRE,LRE
YBX,YBX
IXD,IXD
MUR,MUR
HSG,HSG
SJL,SJL
PEE,PEE
GEG,GEG
CAB,CAB
BOO,BOO
XSC,XSC
SGO,SGO
FIH,FIH
YZP,YZP
WNA,WNA
MKM,MKM
KGP,KGP
YVP,YVP
JCK,JCK
PMR,PMR
YWP,YWP
KTE,KTE
RIB,RIB
ILM,ILM
CUN,CUN
YAT,YAT
BBA,BBA
YKQ,YKQ
IFN,IFN
YZV,YZV
UNK,UNK
FRD,FRD
TSN,TSN
EZE,EZE
SEA,SEA
MZL,MZL
VRN,VRN
HTI,HTI
IXZ,IXZ
BLQ,BLQ
GRX,GRX
CPR,CPR
OPS,OPS
VDB,VDB
LSE,LSE
ATW,ATW
IGR,IGR
SKO,SKO
LWO,LWO
KAE,KAE
NHV,NHV
UPN,UPN
SAX,SAX
BGM,BGM
VAO,VAO
BHY,BHY
GGW,GGW
SPC,SPC
MAM,MAM
AGS,AGS
BRS,BRS
NRK,NRK
ENU,ENU
DBO,DBO
MHT,MHT
GAF,GAF
CIP,CIP
AGH,AGH
NTX,NTX
KSO,KSO
STN,STN
JIC,JIC
ISG,ISG
BXB,BXB
PND,PND
ABR,ABR
PLS,PLS
UAS,UAS
CKZ,CKZ
LBD,LBD
KSQ,KSQ
TAK,TAK
PAD,PAD
YER,YER
JIB,JIB
MSU,MSU
SLZ,SLZ
DAD,DAD
BGO,BGO
JDO,JDO
TZL,TZL
YTY,YTY
UEL,UEL
YAK,YAK
YYD,YYD
SGN,SGN
MOQ,MOQ
DOU,DOU
EYW,EYW
MJM,MJM
YBR,YBR
ZTH,ZTH
NOV,NOV
AOS,AOS
BRI,BRI
CLT,CLT
PYY,PYY
YAB,YAB
JGS,JGS
TRZ,TRZ
COR,COR
KFP,KFP
NVT,NVT
VLD,VLD
SAF,SAF
JZH,JZH
TRS,TRS
CFB,CFB
IRA,IRA
DIN,DIN
ZNZ,ZNZ
SJT,SJT
OTD,OTD
PUG,PUG
SXX,SXX
IAM,IAM
LBC,LBC
JBQ,JBQ
PNA,PNA
YDQ,YDQ
GOQ,GOQ
XBE,XBE
YNY,YNY
RAE,RAE
NYM,NYM
NKC,NKC
NUP,NUP
SCN,SCN
FUE,FUE
PER,PER
BCV,BCV
OOK,OOK
ZLO,ZLO
RMF,RMF
JAI,JAI
YMO,YMO
AGU,AGU
STT,STT
BRC,BRC
IOQ,IOQ
VGZ,VGZ
YLE,YLE
YIO,YIO
SFJ,SFJ
UKB,UKB
REU,REU
MHG,MHG
RRG,RRG
MPA,MPA
MCP,MCP
NAQ,NAQ
NNT,NNT
VDM,VDM
PZB,PZB
PXO,PXO
WMO,WMO
TBN,TBN
TKS,TKS
TGU,TGU
YQT,YQT
WAT,WAT
SVA,SVA
SZE,SZE
PUW,PUW
WVB,WVB
CWL,CWL
SXP,SXP
SNO,SNO
YKA,YKA
SVP,SVP
POA,POA
TVS,TVS
SLU,SLU
VTZ,VTZ
APO,APO
KGA,KGA
EMA,EMA
ERI,ERI
RCH,RCH
KER,KER
KOZ,KOZ
GND,GND
LYP,LYP
KVD,KVD
CFC,CFC
CKG,CKG
BIM,BIM
DAT,DAT
MTV,MTV
WBQ,WBQ
KCT,KCT
CGI,CGI
FRO,FRO
SVI,SVI
BSR,BSR
ETR,ETR
SOQ,SOQ
TQI,TQI
HTN,HTN
WLH,WLH
HFS,HFS
SDQ,SDQ
ICI,ICI
YRG,YRG
BKO,BKO
SJE,SJE
MGA,MGA
YYQ,YYQ
MAD,MAD
GDV,GDV
LSC,LSC
NAY,NAY
SOC,SOC
DLZ,DLZ
HFA,HFA
LAS,LAS
YPY,YPY
BDP,BDP
KYK,KYK
POP,POP
IAO,IAO
KWF,KWF
TIU,TIU
ROS,ROS
AUA,AUA
KSD,KSD
GMA,GMA
WRG,WRG
TFN,TFN
KGQ,KGQ
TKJ,TKJ
YUM,YUM
ICN,ICN
TAC,TAC
PGX,PGX
ANU,ANU
NSN,NSN
TVU,TVU
WJR,WJR
YFA,YFA
TRU,TRU
DYR,DYR
MHK,MHK
RMQ,RMQ
GKK,GKK
YNA,YNA
LXG,LXG
KIR,KIR
JNS,JNS
ETH,ETH
IKA,IKA
ORK,ORK
MEX,MEX
DLI,DLI
AZR,AZR
SRA,SRA
BQN,BQN
YWK,YWK
MSQ,MSQ
SFL,SFL
MOI,MOI
LUR,LUR
HOR,HOR
KUH,KUH
MSA,MSA
KTN,KTN
MGT,MGT
PLQ,PLQ
YNS,YNS
PUQ,PUQ
ACC,ACC
AUU,AUU
PZH,PZH
CHY,CHY
LNY,LNY
YWJ,YWJ
DIY,DIY
TRO,TRO
KOA,KOA
YNJ,YNJ
TIV,TIV
YCG,YCG
YMN,YMN
SXK,SXK
CIY,CIY
MYT,MYT
RNB,RNB
MEM,MEM
VCT,VCT
TLL,TLL
SOG,SOG
LDU,LDU
YHD,YHD
ATK,ATK
GRZ,GRZ
ISB,ISB
TTT,TTT
CGA,CGA
PET,PET
URG,URG
VEE,VEE
CDJ,CDJ
MAA,MAA
LYB,LYB
PKC,PKC
AJI,AJI
FAV,FAV
WIN,WIN
YPR,YPR
UME,UME
KND,KND
ORF,ORF
TJQ,TJQ
DIL,DIL
CJB,CJB
MKW,MKW
FKL,FKL
CBT,CBT
BPN,BPN
TMS,TMS
KRN,KRN
MBI,MBI
PNR,PNR
YPX,YPX
BTI,BTI
PIA,PIA
BUC,BUC
UTP,UTP
GEL,GEL
VAN,VAN
KEM,KEM
CGH,CGH
OGZ,OGZ
ZFN,ZFN
OSY,OSY
AMH,AMH
ZBL,ZBL
HNM,HNM
LZH,LZH
SKN,SKN
BOC,BOC
LNK,LNK
BGR,BGR
MCV,MCV
CYB,CYB
VDZ,VDZ
BDH,BDH
THD,THD
SLM,SLM
PTJ,PTJ
PSG,PSG
USN,USN
HHH,HHH
IPC,IPC
SAV,SAV
OSD,OSD
TMT,TMT
CTA,CTA
BLL,BLL
ILY,ILY
BBO,BBO
YAY,YAY
HOB,HOB
LAZ,LAZ
VQS,VQS
MDG,MDG
OGM,OGM
LZY,LZY
MKQ,MKQ
FJR,FJR
DOB,DOB
ESL,ESL
PUS,PUS
TLJ,TLJ
FSZ,FSZ
BQL,BQL
MOD,MOD
MLE,MLE
TFS,TFS
LPS,LPS
GTR,GTR
ULG,ULG
IVL,IVL
FKQ,FKQ
GNU,GNU
LLA,LLA
JHM,JHM
ESU,ESU
CPT,CPT
YNT,YNT
CSH,CSH
PLJ,PLJ
RCE,RCE
XMH,XMH
PBU,PBU
CTU,CTU
HKG,HKG
BEB,BEB
BIR,BIR
NUL,NUL
ORD,ORD
AXR,AXR
CGK,CGK
YGL,YGL
YQC,YQC
HOI,HOI
YHP,YHP
PYJ,PYJ
TYN,TYN
TGJ,TGJ
ALC,ALC
PMV,PMV
DRK,DRK
MCX,MCX
BSC,BSC
YUY,YUY
BZN,BZN
UVE,UVE
SJU,SJU
ZQZ,ZQZ
JQE,JQE
PVC,PVC
UTS,UTS
KRO,KRO
EDO,EDO
PTU,PTU
FAO,FAO
BQB,BQB
RUH,RUH
DEC,DEC
NVK,NVK
MQL,MQL
TPQ,TPQ
URJ,URJ
CJA,CJA
DUB,DUB
SZA,SZA
YQL,YQL
IOT,IOT
PDP,PDP
JHB,JHB
MAJ,MAJ
MNL,MNL
RLG,RLG
MFU,MFU
PCR,PCR
YYT,YYT
JKL,JKL
LIL,LIL
BSB,BSB
OKJ,OKJ
CTL,CTL
AVN,AVN
GLK,GLK
LAO,LAO
YKU,YKU
ALH,ALH
UTH,UTH
AOJ,AOJ
EUX,EUX
AMA,AMA
GDQ,GDQ
MVD,MVD
FUJ,FUJ
GAU,GAU
GRI,GRI
HNH,HNH
AOI,AOI
MZW,MZW
AGP,AGP
CYO,CYO
HEK,HEK
HME,HME
TLM,TLM
TNJ,TNJ
MTR,MTR
MFR,MFR
WGA,WGA
JKR,JKR
NIQ,NIQ
KCQ,KCQ
GOU,GOU
DUD,DUD
LMA,LMA
DQA,DQA
ULV,ULV
ANF,ANF
JSI,JSI
BGA,BGA
TEB,TEB
IQQ,IQQ
YGJ,YGJ
XIC,XIC
HYD,HYD
LYR,LYR
CEK,CEK
RSW,RSW
HAK,HAK
IFO,IFO
TIF,TIF
YPM,YPM
VBV,VBV
DIU,DIU
BFN,BFN
RUT,RUT
TCT,TCT
EAU,EAU
FRU,FRU
TAM,TAM
KCC,KCC
DMU,DMU
BUS,BUS
LBB,LBB
ABD,ABD
CVU,CVU
PIB,PIB
PBI,PBI
LKG,LKG
FNI,FNI
ANI,ANI
VER,VER
SHG,SHG
UEO,UEO
SZX,SZX
TUU,TUU
PPW,PPW
KEJ,KEJ
BNN,BNN
SYB,SYB
KFS,KFS
LBF,LBF
TGI,TGI
CHU,CHU
CKB,CKB
VIG,VIG
TOE,TOE
LYH,LYH
ADD,ADD
CBS,CBS
SOY,SOY
TLA,TLA
BVE,BVE
POJ,POJ
TEQ,TEQ
CMX,CMX
RSH,RSH
MUA,MUA
SXR,SXR
XCR,XCR
HAJ,HAJ
AYP,AYP
CNX,CNX
LAQ,LAQ
ULB,ULB
MYG,MYG
BMA,BMA
WNH,WNH
GIS,GIS
SPN,SPN
NBO,NBO
PUB,PUB
KJA,KJA
HLZ,HLZ
PSM,PSM
NGE,NGE
LBU,LBU
PLO,PLO
KGL,KGL
ZRJ,ZRJ
SYD,SYD
MBS,MBS
TKU,TKU
GMO,GMO
KIN,KIN
AFA,AFA
TER,TER
EBH,EBH
GDL,GDL
PMZ,PMZ
TAE,TAE
OKL,OKL
GOP,GOP
BPX,BPX
KRY,KRY
ELP,ELP
BYN,BYN
MLN,MLN
BNS,BNS
HGH,HGH
TTA,TTA
AJU,AJU
KBR,KBR
LBA,LBA
EJA,EJA
TEN,TEN
OSW,OSW
NTE,NTE
KHV,KHV
XBJ,XBJ
TPS,TPS
AOR,AOR
UGB,UGB
OUZ,OUZ
NAG,NAG
PDX,PDX
YKM,YKM
RKV,RKV
EOH,EOH
KIJ,KIJ
DTW,DTW
MAG,MAG
TGO,TGO
MXZ,MXZ
LMM,LMM
DME,DME
GZT,GZT
CHA,CHA
IAH,IAH
JGN,JGN
YRB,YRB
ELD,ELD
YSB,YSB
TUN,TUN
LNJ,LNJ
JIK,JIK
HVD,HVD
GAM,GAM
OMD,OMD
KOJ,KOJ
NYO,NYO
VOG,VOG
STV,STV
DDC,DDC
HMV,HMV
JSR,JSR
VOL,VOL
ELL,ELL
JGD,JGD
GOA,GOA
EXT,EXT
BUX,BUX
VDS,VDS
JOL,JOL
IKO,IKO
BNE,BNE
GHT,GHT
BOS,BOS
YXT,YXT
MZT,MZT
RAK,RAK
NIM,NIM
GOM,GOM
FDE,FDE
CYS,CYS
LAM,LAM
COK,COK
BHO,BHO
BGY,BGY
CDV,CDV
YYJ,YYJ
WEI,WEI
NCU,NCU
SOF,SOF
BLV,BLV
LAX,LAX
WRE,WRE
KYU,KYU
QBC,QBC
IOA,IOA
KGT,KGT
YXX,YXX
YLH,YLH
MSR,MSR
BFI,BFI
MAN,MAN
WNP,WNP
VDA,VDA
KTA,KTA
RNL,RNL
CUU,CUU
NAW,NAW
YNO,YNO
YHK,YHK
SPU,SPU
BHK,BHK
KNG,KNG
ACT,ACT
HAS,HAS
OSI,OSI
BHM,BHM
GWD,GWD
TWU,TWU
HYG,HYG
MOF,MOF
HVB,HVB
JNX,JNX
SNV,SNV
OGD,OGD
MCK,MCK
SGC,SGC
POL,POL
OBU,OBU
DIK,DIK
TJU,TJU
ENE,ENE
TTQ,TTQ
CUF,CUF
JUJ,JUJ
WNZ,WNZ
TBU,TBU
FNA,FNA
ZPB,ZPB
OUL,OUL
HGN,HGN
VCL,VCL
GST,GST
GUA,GUA
RDZ,RDZ
YHO,YHO
BTV,BTV
DLM,DLM
EBB,EBB
GRO,GRO
MDK,MDK
MSP,MSP
YXC,YXC
MIR,MIR
PAZ,PAZ
ART,ART
BTC,BTC
HEH,HEH
ADB,ADB
NDY,NDY
MUW,MUW
FSP,FSP
HPB,HPB
NJF,NJF
RGI,RGI
SHJ,SHJ
AAT,AAT
CID,CID
YYY,YYY
MEA,MEA
IXG,IXG
XNN,XNN
BJA,BJA
EWR,EWR
BXU,BXU
BBN,BBN
NDB,NDB
SVS,SVS
ALO,ALO
TCD,TCD
NLK,NLK
CKH,CKH
BVC,BVC
YGK,YGK
ILI,ILI
CLE,CLE
OXB,OXB
SCW,SCW
EGX,EGX
TEE,TEE
LZO,LZO
AEP,AEP
JQA,JQA
EDI,EDI
BOB,BOB
BUA,BUA
HSN,HSN
KZO,KZO
YXS,YXS
MLI,MLI
EPR,EPR
WSN,WSN
ATQ,ATQ
ZAH,ZAH
AVV,AVV
AWD,AWD
LAE,LAE
YSO,YSO
BWT,BWT
YYU,YYU
JUZ,JUZ
SXM,SXM
KUF,KUF
MGF,MGF
JCB,JCB
YQZ,YQZ
KZR,KZR
CWB,CWB
RHD,RHD
BTH,BTH
YGP,YGP
OVS,OVS
YIE,YIE
UUA,UUA
SVQ,SVQ
MTY,MTY
KZI,KZI
RNS,RNS
BPL,BPL
IPH,IPH
KOV,KOV
AHN,AHN
GCI,GCI
KMJ,KMJ
KDO,KDO
AJL,AJL
NSI,NSI
DHB,DHB
RAJ,RAJ
ROI,ROI
KAZ,KAZ
SKX,SKX
EVV,EVV
BTR,BTR
KGI,KGI
DWD,DWD
ZUH,ZUH
YXL,YXL
YPW,YPW
NOZ,NOZ
BLJ,BLJ
POI,POI
VAS,VAS
SEN,SEN
YQY,YQY
KTL,KTL
LTD,LTD
EAM,EAM
EWN,EWN
DOK,DOK
SHH,SHH
RDU,RDU
ADE,ADE
CUL,CUL
MKL,MKL
SDR,SDR
MGS,MGS
MWF,MWF
RAB,RAB
YEG,YEG
YCL,YCL
RIA,RIA
JTC,JTC
DLA,DLA
KBC,KBC
AKK,AKK
MAZ,MAZ
PZI,PZI
KSM,KSM
DNZ,DNZ
PCL,PCL
FLS,FLS
NBC,NBC
OLA,OLA
KDH,KDH
SFG,SFG
MEH,MEH
KOO,KOO
KVX,KVX
HLH,HLH
RBA,RBA
VKT,VKT
JSU,JSU
SPI,SPI
YCO,YCO
PIZ,PIZ
ECP,ECP
MDZ,MDZ
ASU,ASU
LKL,LKL
MRA,MRA
PHW,PHW
BRD,BRD
QUO,QUO
TSH,TSH
AXT,AXT
KBU,KBU
FDH,FDH
YGT,YGT
ACR,ACR
NUX,NUX
SRY,SRY
IPL,IPL
FMI,FMI
AXK,AXK
WUZ,WUZ
GRQ,GRQ
BDL,BDL
YYH,YYH
HFT,HFT
MJZ,MJZ
MCT,MCT
UAK,UAK
KHS,KHS
MZR,MZR
ZRH,ZRH
XTG,XTG
LDE,LDE
JNN,JNN
CGB,CGB
GEA,GEA
ASB,ASB
YHY,YHY
TAP,TAP
DMK,DMK
USU,USU
HIB,HIB
LGA,LGA
CXB,CXB
IPI,IPI
AUR,AUR
GUR,GUR
EWB,EWB
MDE,MDE
PUU,PUU
TUG,TUG
LBE,LBE
WMN,WMN
MDT,MDT
SDE,SDE
IAG,IAG
PQC,PQC
